{
 "Files" : [
  {
   "Path" : "D:/Gowin_project/fpga_project/src/LED_ctrl.v",
   "Type" : "verilog"
  },
  {
   "Path" : "D:/Gowin_project/fpga_project/src/gowin_rpll/gowin_rpll.v",
   "Type" : "verilog"
  },
  {
   "Path" : "D:/Gowin_project/fpga_project/src/mic_clk_gen.v",
   "Type" : "verilog"
  },
  {
   "Path" : "D:/Gowin_project/fpga_project/src/top.v",
   "Type" : "verilog"
  },
  {
   "Path" : "D:/Gowin_project/fpga_project/src/uart_clkdiv.v",
   "Type" : "verilog"
  },
  {
   "Path" : "D:/Gowin_project/fpga_project/src/uart_ctrl.v",
   "Type" : "verilog"
  },
  {
   "Path" : "D:/Gowin_project/fpga_project/src/uart_top.v",
   "Type" : "verilog"
  },
  {
   "Path" : "D:/Gowin_project/fpga_project/src/uartrx.v",
   "Type" : "verilog"
  },
  {
   "Path" : "D:/Gowin_project/fpga_project/src/uarttx.v",
   "Type" : "verilog"
  },
  {
   "Path" : "D:/Gowin_project/fpga_project/src/ws_io_ctrl.v",
   "Type" : "verilog"
  }
 ],
 "IncludePath" : [

 ],
 "LoopLimit" : 2000,
 "ResultFile" : "D:/Gowin_project/fpga_project/impl/temp/rtl_parser.result",
 "Top" : "top",
 "VerilogStd" : "verilog_2001",
 "VhdlStd" : "vhdl_93"
}